{"I1s2_piano": [[1.4843924873275682e-05, 1.2805553524231073e-05, 0.9999723434448242]], "I1s2_keyboard": [[1.740433435770683e-05, 1.0744221071945503e-05, 0.999971866607666]], "I1s2_percussion": [[7.507913778681541e-06, 3.993264726886991e-06, 0.9999885559082031]], "I1s2_organ": [[1.5005010936874896e-05, 1.7499291061540134e-05, 0.9999674558639526]], "I1s2_guitar": [[2.4922070224420168e-05, 2.146008591807913e-05, 0.9999536275863647]], "I1s2_bass": [[1.579004674567841e-05, 1.2273821084818337e-05, 0.9999719858169556]], "I1s2_violin": [[2.1591420590993948e-05, 1.2664563655562233e-05, 0.9999657869338989]], "I1s2_viola": [[2.056604716926813e-05, 1.5509342119912617e-05, 0.9999638795852661]], "I1s2_cello": [[8.339728083228692e-06, 1.546528255857993e-05, 0.9999761581420898]], "I1s2_harp": [[4.461415664991364e-05, 8.145790161506739e-06, 0.999947190284729]], "I1s2_strings": [[1.3376296010392252e-05, 5.175186288397526e-06, 0.9999814033508301]], "I1s2_voice": [[3.024504258064553e-05, 5.78421531827189e-06, 0.9999639987945557]], "I1s2_trumpet": [[2.7066666007158346e-05, 1.922085357364267e-05, 0.9999537467956543]], "I1s2_trombone": [[3.4176406188635156e-05, 2.43581562244799e-05, 0.9999414682388306]], "I1s2_tuba": [[2.0535300791379996e-05, 2.1042782464064658e-05, 0.9999583959579468]], "I1s2_horn": [[6.723420483467635e-06, 9.953889275493566e-06, 0.9999833106994629]], "I1s2_brass": [[1.9181647076038644e-05, 1.4784930499445181e-05, 0.999966025352478]], "I1s2_sax": [[7.637980161234736e-06, 3.927632860722952e-06, 0.9999884366989136]], "I1s2_oboe": [[1.986584538826719e-05, 1.2617688298632856e-05, 0.9999674558639526]], "I1s2_bassoon": [[8.894697202777024e-06, 6.827964534750208e-05, 0.9999228715896606]], "I1s2_clarinet": [[2.8085929443477653e-05, 8.282335329568014e-06, 0.999963641166687]], "I1s2_piccolo": [[1.7135549569502473e-05, 1.683613663772121e-05, 0.999966025352478]], "I1s2_flute": [[1.863563375081867e-05, 2.4125914933392778e-05, 0.9999572038650513]], "I1s2_pipe": [[4.343402906670235e-06, 4.341365638538264e-06, 0.9999912977218628]], "I1s2_synthesizer": [[3.96685536543373e-05, 5.386370503401849e-06, 0.9999549388885498]], "I1s2_ethnic_instruments": [[5.8238711062585935e-06, 3.108977807642077e-06, 0.9999910593032837]], "I1s2_sound_effects": [[5.531524584512226e-05, 2.0329751350800507e-05, 0.9999243021011353]], "I1s2_drum": [[1.117341798817506e-05, 1.6732274161768146e-05, 0.9999721050262451]], "R1": [[1.07525811472442e-05, 6.263413524720818e-06, 0.9999829530715942]], "R3": [[0.00013329573266673833, 0.0018585541984066367, 0.0001926232362166047, 0.9978154897689819]], "S2s1": [[0.0003007761260960251, 0.0010339613072574139, 0.0037716783117502928, 0.00015227189578581601, 0.00028477099840529263, 0.0008573990780860186, 0.0005124558228999376, 0.001177118974737823, 0.00046020650188438594, 0.000645673309918493, 0.0003428588970564306, 0.00031329499324783683, 0.0006378835532814264, 0.00018893629021476954, 0.000504395691677928, 0.000973083428107202, 0.0004076878831256181, 0.9874355792999268]], "S4_new_age": [[8.482448174618185e-05, 3.800041668000631e-05, 0.9998772144317627]], "S4_electronic": [[3.517487857607193e-05, 6.287948781391606e-05, 0.9999018907546997]], "S4_rap": [[1.3601383216155227e-05, 7.07954586687265e-06, 0.9999793767929077]], "S4_religious": [[4.065022221766412e-05, 4.3513442506082356e-05, 0.9999158382415771]], "S4_international": [[3.847857442451641e-05, 7.579934754176065e-05, 0.9998856782913208]], "S4_easy_listening": [[1.6025936929509044e-05, 5.2951629186281934e-05, 0.9999309778213501]], "S4_avant_garde": [[2.4393559215241112e-05, 8.662614709464833e-05, 0.9998890161514282]], "S4_rnb": [[0.00018391900812275708, 6.58473145449534e-05, 0.9997501969337463]], "S4_latin": [[1.74221204360947e-05, 1.5515457562287338e-05, 0.999967098236084]], "S4_children": [[0.00034825855982489884, 0.00293697789311409, 0.9967148303985596]], "S4_jazz": [[1.8474413082003593e-05, 2.227901859441772e-05, 0.9999592304229736]], "S4_classical": [[6.098915764596313e-05, 0.0002150293585145846, 0.9997239708900452]], "S4_comedy_spoken": [[3.647307676146738e-05, 2.3876826162450016e-05, 0.9999396800994873]], "S4_pop_rock": [[0.999897837638855, 9.295057679992169e-05, 9.1365591288195e-06]], "S4_reggae": [[2.693570058909245e-05, 3.0787305149715394e-05, 0.9999423027038574]], "S4_stage": [[3.838297925540246e-05, 4.1815597796812654e-05, 0.9999197721481323]], "S4_folk": [[1.3557683814724442e-05, 3.604403536883183e-05, 0.9999504089355469]], "S4_blues": [[5.0269250095880125e-06, 1.1593876479309984e-05, 0.9999834299087524]], "S4_vocal": [[0.009121160954236984, 0.004602411296218634, 0.986276388168335]], "S4_holiday": [[7.395251486741472e-06, 2.4087197743938304e-05, 0.9999685287475586]], "S4_country": [[5.4256266594165936e-05, 0.00017785483214538544, 0.9997678399085999]], "S4_symphony": [[1.0107032721862197e-05, 2.3997301468625665e-05, 0.9999659061431885]], "B1s1": [[0.9997485280036926, 2.1555439161602408e-05, 9.958198461390566e-06, 2.0149946067249402e-05, 0.00019974488532170653]], "TS1s1": [[1.3393316294241231e-05, 7.071341678965837e-05, 7.78672838350758e-05, 2.3551621779915877e-05, 2.496104389138054e-05, 9.024514292832464e-05, 0.00024657949688844383, 0.9994526505470276]], "K1": [[4.1062703530769795e-05, 2.5630251911934465e-05, 0.9999333620071411]], "T1s1": [[5.295433766150381e-06, 5.5226723816304e-06, 3.783768534049159e-06, 0.9999854564666748]], "P4": [[4.445275408215821e-06, 6.720498731738189e-06, 5.766846243204782e-06, 3.859559910779353e-06, 8.983086445368826e-06, 2.0607965325325495e-06, 2.318740143891773e-06, 4.186720161669655e-06, 1.8361768070462858e-06, 8.08442746347282e-06, 2.714568381634308e-06, 3.821957307081902e-06, 0.9999454021453857]], "EM1": [[0.07651495933532715, 0.05529646575450897, 0.003016903530806303, 0.008658069185912609, 0.8565135598182678]], "TM1": [[1.1771515346481465e-05, 2.156925074814353e-05, 1.9211222024750896e-05, 1.53415348904673e-05, 3.7805370993737597e-06, 0.99992835521698]]}